//Data Generated by Mockaroo.com
1,Hagen,Zute,hzute0@dot.gov
2,Beverlie,Reford,breford1@oaic.gov.au
3,Riccardo,Littlefair,rlittlefair2@gmpg.org
4,Tan,Puttan,tputtan3@umich.edu
5,Alene,Greenhow,agreenhow4@skyrock.com
6,Dorena,Richardes,drichardes5@blogspot.com
7,Eb,Meeus,emeeus6@yolasite.com
8,Hermann,Baton,hbaton7@yellowpages.com
9,Emile,Brockhurst,ebrockhurst8@xinhuanet.com
10,Ambros,Standidge,astandidge9@arstechnica.com
11,Ansel,Novik,anovika@istockphoto.com
12,Fowler,Bichard,fbichardb@who.int
13,Orsola,Barfford,obarffordc@g.co
14,Ethelred,Collacombe,ecollacombed@cisco.com
15,Cosette,Tremollet,ctremollete@guardian.co.uk
16,Jacki,Knotte,jknottef@timesonline.co.uk
17,Raffaello,Capsey,rcapseyg@qq.com
18,Killy,Trudgeon,ktrudgeonh@ucoz.ru
19,Torrin,Londing,tlondingi@example.com
20,Hugo,Caves,hcavesj@list-manage.com
21,Kaleb,Provis,kprovisk@economist.com
22,Cherrita,Siggers,csiggersl@toplist.cz
23,Helyn,Quidenham,hquidenhamm@unblog.fr
24,Salome,Knobell,sknobelln@whitehouse.gov
25,Charmian,St. Pierre,cstpierreo@linkedin.com
26,Noby,Du Plantier,nduplantierp@g.co
27,Shannon,Flori,sfloriq@cornell.edu
28,Lezlie,Haswell,lhaswellr@hostgator.com
29,Erinn,Lowres,elowress@technorati.com
30,Domenico,Cahani,dcahanit@trellian.com
31,Valerye,Camidge,vcamidgeu@pen.io
32,Baron,Prator,bpratorv@springer.com
33,Flint,Santacrole,fsantacrolew@irs.gov
34,Gilberto,Dogerty,gdogertyx@geocities.jp
35,Ben,Slot,bsloty@people.com.cn
36,Beatrix,Kimbell,bkimbellz@lycos.com
37,Orelee,Glastonbury,oglastonbury10@seattletimes.com
38,Baxy,Matisse,bmatisse11@home.pl
39,Hi,Henningham,hhenningham12@edublogs.org
40,Nevile,McMillian,nmcmillian13@house.gov
41,Marieann,Touret,mtouret14@techcrunch.com
42,Cort,le Keux,clekeux15@xinhuanet.com
43,Faustina,Gitsham,fgitsham16@printfriendly.com
44,Shelton,Carillo,scarillo17@shinystat.com
45,Augie,Vink,avink18@flavors.me
46,Hali,Reina,hreina19@who.int
47,Milicent,Derby,mderby1a@google.co.jp
48,Othello,Baden,obaden1b@abc.net.au
49,Raimondo,Vaun,rvaun1c@is.gd
50,Iris,Littler,ilittler1d@photobucket.com
51,Glenine,Streatfeild,gstreatfeild1e@domainmarket.com
52,Adelind,Milne,amilne1f@ftc.gov
53,Derk,Padbery,dpadbery1g@devhub.com
54,Belia,Medgwick,bmedgwick1h@latimes.com
55,Shanie,Pridie,spridie1i@1688.com
56,Jere,Cranmere,jcranmere1j@ftc.gov
57,Jacqueline,Boyfield,jboyfield1k@icq.com
58,Laurianne,Simpkiss,lsimpkiss1l@people.com.cn
59,Casi,Dawks,cdawks1m@taobao.com
60,Cherida,Eassom,ceassom1n@typepad.com
61,Glynda,Vinden,gvinden1o@youtube.com
62,Tamas,Grouvel,tgrouvel1p@guardian.co.uk
63,Babb,Moulding,bmoulding1q@youku.com
64,Melinda,Capewell,mcapewell1r@com.com
65,Raimundo,Gorling,rgorling1s@bigcartel.com
66,Chen,Ledner,cledner1t@surveymonkey.com
67,Ellissa,Goodred,egoodred1u@nsw.gov.au
68,Hadlee,Aitcheson,haitcheson1v@guardian.co.uk
69,Verna,Wickliffe,vwickliffe1w@yandex.ru
70,Gilburt,Martland,gmartland1x@columbia.edu
71,Courtney,Luppitt,cluppitt1y@businessweek.com
72,Eloisa,Kitt,ekitt1z@mit.edu
73,Katinka,Ledley,kledley20@psu.edu
74,Rowen,Start,rstart21@dedecms.com
75,Ginger,Mallalieu,gmallalieu22@ted.com
76,Spencer,Greed,sgreed23@tmall.com
77,Clementine,Kernes,ckernes24@dyndns.org
78,Ado,McKinn,amckinn25@studiopress.com
79,Paula,Yeudall,pyeudall26@hc360.com
80,Lyn,Ricciardello,lricciardello27@bbb.org
81,Glen,Coraini,gcoraini28@vimeo.com
82,Bernadene,Hardison,bhardison29@odnoklassniki.ru
83,Garry,Cato,gcato2a@vimeo.com
84,Paxton,Warboy,pwarboy2b@abc.net.au
85,Imojean,Canadine,icanadine2c@instagram.com
86,Winifield,Drayson,wdrayson2d@washingtonpost.com
87,Sean,Kiddle,skiddle2e@google.ru
88,Elsinore,Bartos,ebartos2f@baidu.com
89,Dorise,Richel,drichel2g@kickstarter.com
90,Eugen,Heymann,eheymann2h@furl.net
91,Inglis,Mapson,imapson2i@blogtalkradio.com
92,Maggee,Watkiss,mwatkiss2j@youtu.be
93,Winny,Faulkener,wfaulkener2k@oaic.gov.au
94,Jessee,Genty,jgenty2l@redcross.org
95,Shurlocke,De Ferraris,sdeferraris2m@plala.or.jp
96,Skell,Herculson,sherculson2n@bigcartel.com
97,Ramsay,Bragginton,rbragginton2o@google.com.au
98,Ced,Buckles,cbuckles2p@nps.gov
99,Faustine,Demaine,fdemaine2q@miitbeian.gov.cn
100,Cornela,Tourmell,ctourmell2r@craigslist.org
101,Carmelina,Mathe,cmathe2s@msu.edu
102,Ansell,Isacq,aisacq2t@toplist.cz
103,Myrtie,Beckmann,mbeckmann2u@fema.gov
104,Julietta,Jouaneton,jjouaneton2v@answers.com
105,Constanta,Tunno,ctunno2w@yellowbook.com
106,Beverlee,Bermingham,bbermingham2x@chronoengine.com
107,Malory,Musterd,mmusterd2y@flavors.me
108,Gaspard,Metzke,gmetzke2z@yelp.com
109,Regan,Newborn,rnewborn30@chron.com
110,Ambros,Frankiewicz,afrankiewicz31@wunderground.com
111,Heloise,Jedrasik,hjedrasik32@pen.io
112,Murial,Diggins,mdiggins33@example.com
113,Maye,Haime,mhaime34@edublogs.org
114,Tades,McNair,tmcnair35@t-online.de
115,Yovonnda,Whereat,ywhereat36@free.fr
116,Sabrina,Hansard,shansard37@xinhuanet.com
117,Lisa,Tyre,ltyre38@networkadvertising.org
118,Rorie,Mora,rmora39@scribd.com
119,Dix,Puddifer,dpuddifer3a@ow.ly
120,Kelsy,Tidey,ktidey3b@hhs.gov
121,Eleen,Wolford,ewolford3c@t.co
122,Rutledge,Humphris,rhumphris3d@soup.io
123,Olin,Betun,obetun3e@purevolume.com
124,Kesley,Ricciardiello,kricciardiello3f@walmart.com
125,Wynne,Dulson,wdulson3g@upenn.edu
126,Jessy,Yuryev,jyuryev3h@woothemes.com
127,Rafi,Raphael,rraphael3i@ustream.tv
128,Ami,Strond,astrond3j@chron.com
129,Herby,Cabotto,hcabotto3k@4shared.com
130,Crissy,De Bernardis,cdebernardis3l@gmpg.org
131,Herbert,Dies,hdies3m@cbc.ca
132,Eartha,Burl,eburl3n@ed.gov
133,Marsha,Avrahamian,mavrahamian3o@ihg.com
134,Wilmette,Muglestone,wmuglestone3p@posterous.com
135,Marco,Ferro,mferro3q@cbsnews.com
136,Reggie,Laurenson,rlaurenson3r@blogs.com
137,Evelyn,Matresse,ematresse3s@java.com
138,Bartholemy,Craske,bcraske3t@japanpost.jp
139,Merola,Kalinovich,mkalinovich3u@diigo.com
140,Sibilla,Laming,slaming3v@mashable.com
141,Theressa,Chastaing,tchastaing3w@chicagotribune.com
142,Hannah,Sawfoot,hsawfoot3x@narod.ru
143,Dedie,Buxcey,dbuxcey3y@intel.com
144,Carmencita,McLeod,cmcleod3z@ycombinator.com
145,Kriste,Cardis,kcardis40@squidoo.com
146,Kayne,Darrington,kdarrington41@blinklist.com
147,Trixy,Southerell,tsoutherell42@pcworld.com
148,Wini,Jachimak,wjachimak43@exblog.jp
149,Ingar,Richardeau,irichardeau44@wordpress.com
150,Levon,Agglione,lagglione45@bloglovin.com
151,Thatcher,Janaud,tjanaud46@friendfeed.com
152,Marinna,Charker,mcharker47@dailymotion.com
153,Sebastian,Langhorne,slanghorne48@woothemes.com
154,Kerrin,Craiker,kcraiker49@is.gd
155,Karlotta,Goodale,kgoodale4a@phoca.cz
156,Vaughan,Rubinsky,vrubinsky4b@huffingtonpost.com
157,Nydia,Jouning,njouning4c@dion.ne.jp
158,Davide,Grigor,dgrigor4d@wikispaces.com
159,Claus,Huston,chuston4e@slate.com
160,Cordelia,Ray,cray4f@myspace.com
161,Sandi,Varsey,svarsey4g@google.fr
162,Federico,Mapledoram,fmapledoram4h@reverbnation.com
163,Drusilla,Winterscale,dwinterscale4i@hatena.ne.jp
164,Julina,Stollenberg,jstollenberg4j@chicagotribune.com
165,Nannie,Waterworth,nwaterworth4k@google.com.au
166,Matthaeus,Tarbath,mtarbath4l@nhs.uk
167,Ashia,Tettley,atettley4m@ezinearticles.com
168,Claudina,Filyashin,cfilyashin4n@sitemeter.com
169,Timmy,Pascow,tpascow4o@soundcloud.com
170,Pearle,Elleton,pelleton4p@delicious.com
171,Neal,O' Concannon,noconcannon4q@nifty.com
172,Bee,Mulvagh,bmulvagh4r@purevolume.com
173,Jecho,Thirst,jthirst4s@icio.us
174,Lisha,Berkery,lberkery4t@furl.net
175,Amii,Martinon,amartinon4u@sfgate.com
176,Jose,Jeandillou,jjeandillou4v@reuters.com
177,Finlay,Bushnell,fbushnell4w@nsw.gov.au
178,Mord,Soldi,msoldi4x@moonfruit.com
179,Selig,Ogley,sogley4y@altervista.org
180,Byrom,Harbard,bharbard4z@youtube.com
181,Shannah,Castellet,scastellet50@vistaprint.com
182,Sydney,Yesipov,syesipov51@meetup.com
183,Merry,Olenikov,molenikov52@phpbb.com
184,Francois,O'Flynn,foflynn53@washington.edu
185,Annis,Vanyard,avanyard54@wikipedia.org
186,Ralph,Spada,rspada55@cocolog-nifty.com
187,Ruttger,Haslam,rhaslam56@google.co.jp
188,Fulton,Abbe,fabbe57@nasa.gov
189,Daile,Jann,djann58@elpais.com
190,Susy,Kimberley,skimberley59@bloglovin.com
191,Tulley,Hubber,thubber5a@clickbank.net
192,Meggi,Eberz,meberz5b@youku.com
193,Alison,Dowry,adowry5c@accuweather.com
194,Frayda,Sandyford,fsandyford5d@domainmarket.com
195,Karlan,Horsefield,khorsefield5e@slate.com
196,Konrad,Pain,kpain5f@slashdot.org
197,Taite,Harborow,tharborow5g@techcrunch.com
198,Juan,Sandbatch,jsandbatch5h@eventbrite.com
199,Faye,Sheraton,fsheraton5i@github.io
200,Gene,Flecknoe,gflecknoe5j@ucoz.ru
201,Sloane,Braine,sbraine5k@paypal.com
202,Devland,Euston,deuston5l@nationalgeographic.com
203,Dexter,Bowry,dbowry5m@usnews.com
204,Mohandas,Smeed,msmeed5n@wisc.edu
205,Waldon,Donisi,wdonisi5o@telegraph.co.uk
206,Keslie,Mulholland,kmulholland5p@blog.com
207,Clay,Degoy,cdegoy5q@sitemeter.com
208,Orson,Ridd,oridd5r@bandcamp.com
209,Harwilll,Gladdor,hgladdor5s@yellowpages.com
210,Emmett,Cereceres,ecereceres5t@cafepress.com
211,Ricardo,Cotgrove,rcotgrove5u@ezinearticles.com
212,Jocelyne,Witham,jwitham5v@vk.com
213,Zackariah,Hrinishin,zhrinishin5w@t-online.de
214,Reagan,Kamien,rkamien5x@a8.net
215,Merrilee,Cunningham,mcunningham5y@ted.com
216,Monty,Coop,mcoop5z@reference.com
217,Jamesy,Kaming,jkaming60@so-net.ne.jp
218,William,Ferney,wferney61@purevolume.com
219,Reinhold,Annandale,rannandale62@phpbb.com
220,Doralynn,Jorczyk,djorczyk63@prnewswire.com
221,Dawna,Shrive,dshrive64@acquirethisname.com
222,Aurelea,Giraudo,agiraudo65@paginegialle.it
223,Tabby,Cattow,tcattow66@canalblog.com
224,Shandeigh,Brundrett,sbrundrett67@photobucket.com
225,Charlie,Ream,cream68@harvard.edu
226,Livvy,Jowett,ljowett69@oakley.com
227,Conney,Cleyburn,ccleyburn6a@msn.com
228,Howey,Collibear,hcollibear6b@imdb.com
229,Standford,Grafham,sgrafham6c@youtu.be
230,Berty,Johannesson,bjohannesson6d@blinklist.com
231,Moria,Gibbin,mgibbin6e@mac.com
232,Felita,Chamney,fchamney6f@biblegateway.com
233,Chic,Russen,crussen6g@fda.gov
234,Zack,Colbrun,zcolbrun6h@digg.com
235,Oliviero,Blakes,oblakes6i@amazonaws.com
236,Darnall,Drewet,ddrewet6j@jiathis.com
237,Florida,Tuffrey,ftuffrey6k@cocolog-nifty.com
238,Iseabal,Oman,ioman6l@4shared.com
239,Sigismondo,Hartas,shartas6m@walmart.com
240,Hurley,Chatwood,hchatwood6n@yandex.ru
241,Nowell,Tovey,ntovey6o@wikimedia.org
242,Nina,Menendez,nmenendez6p@umn.edu
243,Guinevere,Gallear,ggallear6q@t.co
244,Alphonso,Mufford,amufford6r@redcross.org
245,Doll,Brimilcombe,dbrimilcombe6s@hubpages.com
246,Wallis,Ranns,wranns6t@desdev.cn
247,Madeleine,Koppe,mkoppe6u@wikispaces.com
248,Judye,McRorie,jmcrorie6v@epa.gov
249,Ilyse,Paffley,ipaffley6w@ox.ac.uk
250,Rudyard,Tweddle,rtweddle6x@lulu.com
251,Opalina,Blundell,oblundell6y@ftc.gov
252,Vin,Pollett,vpollett6z@1688.com
253,Sonny,Broz,sbroz70@chronoengine.com
254,Lilyan,Burehill,lburehill71@foxnews.com
255,Michal,Sollas,msollas72@sun.com
256,Tris,Rickert,trickert73@washington.edu
257,Susanne,Beddis,sbeddis74@google.ru
258,Fey,Doge,fdoge75@gov.uk
259,Hattie,Bruckenthal,hbruckenthal76@jiathis.com
260,Kerrin,Roddam,kroddam77@sfgate.com
261,Orelle,Buye,obuye78@unc.edu
262,Errol,Erik,eerik79@addthis.com
263,Staffard,Sheppey,ssheppey7a@admin.ch
264,Imogen,MacCarrane,imaccarrane7b@dropbox.com
265,Lisetta,Camilleri,lcamilleri7c@google.it
266,Rogers,Langthorne,rlangthorne7d@mac.com
267,Denice,Noraway,dnoraway7e@europa.eu
268,Deane,Hilliam,dhilliam7f@fema.gov
269,Leta,Paye,lpaye7g@mail.ru
270,Daryle,Cutchee,dcutchee7h@cafepress.com
271,Legra,Lafond,llafond7i@issuu.com
272,Brody,Woodfield,bwoodfield7j@macromedia.com
273,Franny,Northage,fnorthage7k@rediff.com
274,Luigi,Paynton,lpaynton7l@washingtonpost.com
275,Zorina,Albone,zalbone7m@t.co
276,Andree,Drewry,adrewry7n@ebay.co.uk
277,Gorden,Malyon,gmalyon7o@privacy.gov.au
278,Myrilla,Stent,mstent7p@ucsd.edu
279,Madeline,Ruck,mruck7q@dailymotion.com
280,Maddy,Terrans,mterrans7r@whitehouse.gov
281,Merralee,Swetmore,mswetmore7s@t-online.de
282,Jewell,Wybrow,jwybrow7t@washington.edu
283,Valentin,Learie,vlearie7u@addthis.com
284,Silvain,Mourant,smourant7v@imdb.com
285,Zsa zsa,Heister,zheister7w@utexas.edu
286,Ruprecht,Riddlesden,rriddlesden7x@ed.gov
287,Kendrick,Ambroziak,kambroziak7y@wsj.com
288,Hally,Kenright,hkenright7z@ehow.com
289,Marylin,Bourges,mbourges80@sakura.ne.jp
290,Bebe,Jenson,bjenson81@pinterest.com
291,Nalani,Foden,nfoden82@harvard.edu
292,Martina,Duncanson,mduncanson83@google.it
293,Susan,Hebblethwaite,shebblethwaite84@shutterfly.com
294,Haven,Riedel,hriedel85@ameblo.jp
295,Byrle,Eidler,beidler86@ft.com
296,Curtice,Fenck,cfenck87@comcast.net
297,Waylin,Corbert,wcorbert88@cargocollective.com
298,Shannah,Lorentz,slorentz89@utexas.edu
299,Kimble,Chstney,kchstney8a@squidoo.com
300,Faber,Genders,fgenders8b@sfgate.com
301,Mufinella,Okenden,mokenden8c@accuweather.com
302,Zaccaria,Illsley,zillsley8d@about.com
303,Mil,Taggart,mtaggart8e@gravatar.com
304,Lou,Gathwaite,lgathwaite8f@forbes.com
305,Evangelina,Sturch,esturch8g@washingtonpost.com
306,Rafaelia,Defrain,rdefrain8h@samsung.com
307,Marta,Horsewood,mhorsewood8i@facebook.com
308,Marianne,Garshore,mgarshore8j@acquirethisname.com
309,Godart,Roskruge,groskruge8k@google.co.jp
310,Ulises,Talmadge,utalmadge8l@amazon.de
311,Avril,Welch,awelch8m@pcworld.com
312,Catie,Goodfellowe,cgoodfellowe8n@time.com
313,Claretta,Barmby,cbarmby8o@unc.edu
314,Barthel,Pulver,bpulver8p@mozilla.com
315,Kiel,Gillie,kgillie8q@apple.com
316,Sallyann,Aleksich,saleksich8r@tinyurl.com
317,Bethanne,Court,bcourt8s@redcross.org
318,Dalt,Ulyet,dulyet8t@uol.com.br
319,Mariam,Fluck,mfluck8u@ehow.com
320,Olly,Blaske,oblaske8v@weibo.com
321,Filbert,Noble,fnoble8w@hugedomains.com
322,Gearard,Simeon,gsimeon8x@answers.com
323,Libbie,Comford,lcomford8y@scribd.com
324,Conn,Werlock,cwerlock8z@istockphoto.com
325,Janis,Cantillon,jcantillon90@springer.com
326,Alanson,Jammet,ajammet91@tinyurl.com
327,Roger,Haygreen,rhaygreen92@elpais.com
328,Cynthy,Tomadoni,ctomadoni93@yandex.ru
329,Hermine,Pilbury,hpilbury94@surveymonkey.com
330,Amanda,Soares,asoares95@t.co
331,Jenna,Arnott,jarnott96@go.com
332,Magdalene,Rivaland,mrivaland97@uiuc.edu
333,Cathrine,Munehay,cmunehay98@blogtalkradio.com
334,Veronika,Greatrex,vgreatrex99@netlog.com
335,Haley,Flanigan,hflanigan9a@webs.com
336,Nico,Courtese,ncourtese9b@wordpress.org
337,Desiree,Longson,dlongson9c@yandex.ru
338,Theressa,Fryett,tfryett9d@youtu.be
339,Quillan,Julyan,qjulyan9e@mysql.com
340,Ruthie,Kisting,rkisting9f@amazonaws.com
341,Carlita,De Blasio,cdeblasio9g@whitehouse.gov
342,Christophorus,Joddens,cjoddens9h@slate.com
343,Olwen,Dorset,odorset9i@newyorker.com
344,Bathsheba,Ambage,bambage9j@furl.net
345,Alvan,Lavin,alavin9k@army.mil
346,Amerigo,Lomax,alomax9l@mail.ru
347,Johnette,Mar,jmar9m@over-blog.com
348,Roderigo,Dumbrall,rdumbrall9n@marriott.com
349,Rice,MacMychem,rmacmychem9o@admin.ch
350,Kathrine,Cornhill,kcornhill9p@about.com
351,Jemmy,Richardot,jrichardot9q@columbia.edu
352,Caryl,Cluett,ccluett9r@google.co.jp
353,Christopher,Fuke,cfuke9s@ucsd.edu
354,Tammy,Cathee,tcathee9t@weather.com
355,Nikaniki,Nudd,nnudd9u@illinois.edu
356,Opalina,Barracks,obarracks9v@mapy.cz
357,Berti,Buxton,bbuxton9w@artisteer.com
358,Clarine,Pretley,cpretley9x@blogs.com
359,Leonard,Ridsdale,lridsdale9y@feedburner.com
360,Kris,Stallybrass,kstallybrass9z@devhub.com
361,Kyrstin,Benzie,kbenziea0@acquirethisname.com
362,Ulises,Brisse,ubrissea1@umn.edu
363,Lorelei,Schleicher,lschleichera2@netlog.com
364,Burgess,Pappin,bpappina3@indiegogo.com
365,Mildrid,O'Dowd,modowda4@go.com
366,Barny,Balding,bbaldinga5@nhs.uk
367,Tally,Foffano,tfoffanoa6@paypal.com
368,Christel,Schirak,cschiraka7@goo.ne.jp
369,Nicki,Melladew,nmelladewa8@netvibes.com
370,Marji,Rustan,mrustana9@springer.com
371,Shadow,Deftie,sdeftieaa@nbcnews.com
372,Sheelagh,Hatchell,shatchellab@moonfruit.com
373,Natalina,Durham,ndurhamac@quantcast.com
374,Saloma,Ruddock,sruddockad@senate.gov
375,Deloria,Lorenzetto,dlorenzettoae@virginia.edu
376,Astra,Craddock,acraddockaf@miitbeian.gov.cn
377,Dylan,Wallbridge,dwallbridgeag@soup.io
378,Justen,Adshead,jadsheadah@purevolume.com
379,Marsh,Lief,mliefai@answers.com
380,Bealle,Mackriell,bmackriellaj@google.nl
381,Patrizius,Hanniger,phannigerak@microsoft.com
382,Vinny,Weedon,vweedonal@theatlantic.com
383,Benedicta,Gathercole,bgathercoleam@ovh.net
384,Rikki,Hanwright,rhanwrightan@aboutads.info
385,Fawn,Symcox,fsymcoxao@wunderground.com
386,Elise,Cherm,echermap@wikispaces.com
387,Barbara-anne,Yegorkov,byegorkovaq@wikia.com
388,Killian,Sherlock,ksherlockar@go.com
389,Berta,Leming,blemingas@gravatar.com
390,Jed,Gallally,jgallallyat@devhub.com
391,Abby,Barnbrook,abarnbrookau@constantcontact.com
392,Joell,Isaq,jisaqav@shutterfly.com
393,Wallie,Gibbe,wgibbeaw@opera.com
394,Caye,Rosewell,crosewellax@zdnet.com
395,Gib,Bull,gbullay@bloglovin.com
396,Harrison,Franek,hfranekaz@uiuc.edu
397,Deana,Caser,dcaserb0@mashable.com
398,Mikel,Queen,mqueenb1@google.it
399,Findlay,Goadbie,fgoadbieb2@state.gov
400,Ethelin,Vinall,evinallb3@tinypic.com
401,Steffie,Esberger,sesbergerb4@umich.edu
402,Yank,Balassa,ybalassab5@hc360.com
403,Danni,Mawson,dmawsonb6@irs.gov
404,Jill,Bellhouse,jbellhouseb7@hibu.com
405,Brina,Pauly,bpaulyb8@wisc.edu
406,Bev,Lindeman,blindemanb9@utexas.edu
407,Gretna,Brandes,gbrandesba@walmart.com
408,Clim,Lortz,clortzbb@dion.ne.jp
409,Lincoln,Thorlby,lthorlbybc@flickr.com
410,Haze,MacFadzean,hmacfadzeanbd@homestead.com
411,Kaela,Van Bruggen,kvanbruggenbe@google.it
412,Pincus,Mileham,pmilehambf@ucoz.ru
413,Andromache,Reay,areaybg@slideshare.net
414,Briant,Goldie,bgoldiebh@upenn.edu
415,Sophronia,Augustin,saugustinbi@odnoklassniki.ru
416,Fanchon,Cameli,fcamelibj@bing.com
417,Robin,Shapcote,rshapcotebk@blogs.com
418,Amandie,Beagley,abeagleybl@merriam-webster.com
419,Angil,Enderlein,aenderleinbm@webmd.com
420,Shea,Crucetti,scrucettibn@topsy.com
421,Willi,Josum,wjosumbo@mac.com
422,Sterne,Frankis,sfrankisbp@facebook.com
423,Gabrila,Launchbury,glaunchburybq@latimes.com
424,Callean,Colbran,ccolbranbr@fc2.com
425,Damiano,Huffey,dhuffeybs@newyorker.com
426,Daphne,Brumby,dbrumbybt@cnn.com
427,Alan,Jaszczak,ajaszczakbu@nydailynews.com
428,Mill,Baffin,mbaffinbv@is.gd
429,Malachi,Hooban,mhoobanbw@uol.com.br
430,Rafa,Askell,raskellbx@bizjournals.com
431,Axel,Foley,afoleyby@marketwatch.com
432,Lisa,Hyndman,lhyndmanbz@nytimes.com
433,Milton,Pohling,mpohlingc0@mlb.com
434,Dedra,Gomme,dgommec1@woothemes.com
435,Jaquenetta,Ambresin,jambresinc2@1und1.de
436,Theressa,Dutch,tdutchc3@yellowbook.com
437,Adrianne,Gummer,agummerc4@technorati.com
438,Nickolas,Schuelcke,nschuelckec5@free.fr
439,Bond,Hoble,bhoblec6@friendfeed.com
440,Jodie,Bowditch,jbowditchc7@auda.org.au
441,Neal,Askell,naskellc8@bloglovin.com
442,Levey,Guidotti,lguidottic9@purevolume.com
443,Dolly,House,dhouseca@europa.eu
444,Konstantin,Lean,kleancb@spotify.com
445,Nicolas,Egglestone,negglestonecc@artisteer.com
446,Kasper,Graysmark,kgraysmarkcd@clickbank.net
447,Tiffi,Pauer,tpauerce@prnewswire.com
448,Inna,Grimolbie,igrimolbiecf@dyndns.org
449,Marnia,Jonathon,mjonathoncg@blogger.com
450,Carver,Thrush,cthrushch@upenn.edu
451,Alden,Pietesch,apieteschci@adobe.com
452,Zulema,Thoumas,zthoumascj@ucsd.edu
453,Elfie,Sidworth,esidworthck@mediafire.com
454,Peggy,Rowbotham,prowbothamcl@topsy.com
455,Alvinia,Assard,aassardcm@ftc.gov
456,Antoinette,Juara,ajuaracn@baidu.com
457,Petronilla,Fallen,pfallenco@google.ru
458,Laetitia,Seaking,lseakingcp@indiegogo.com
459,Selina,Cancelier,scanceliercq@ucoz.com
460,Beatrisa,McGawn,bmcgawncr@msu.edu
461,Chucho,Salzburg,csalzburgcs@ocn.ne.jp
462,Jamison,Trevers,jtreversct@oaic.gov.au
463,Octavia,Trayte,otraytecu@disqus.com
464,Micheal,Eagleston,meaglestoncv@utexas.edu
465,Mirelle,Turnpenny,mturnpennycw@wikia.com
466,Anthia,Alfonsini,aalfonsinicx@cdc.gov
467,Rutger,Soper,rsopercy@pbs.org
468,Martainn,Munden,mmundencz@com.com
469,Clemmie,McCaw,cmccawd0@lulu.com
470,Michale,Fairfull,mfairfulld1@istockphoto.com
471,Donall,Lum,dlumd2@howstuffworks.com
472,Garek,Joska,gjoskad3@stumbleupon.com
473,Riane,Heams,rheamsd4@globo.com
474,Alayne,Hamblin,ahamblind5@earthlink.net
475,Averyl,Cluett,acluettd6@google.fr
476,Marven,Alasdair,malasdaird7@digg.com
477,Udall,Gracewood,ugracewoodd8@printfriendly.com
478,Claresta,Primmer,cprimmerd9@phoca.cz
479,Ozzie,Statefield,ostatefieldda@ask.com
480,Nataline,Parrott,nparrottdb@sakura.ne.jp
481,Allegra,Howlings,ahowlingsdc@purevolume.com
482,Alvin,Baugham,abaughamdd@google.ru
483,Jareb,McCook,jmccookde@theguardian.com
484,Jehanna,Redfield,jredfielddf@noaa.gov
485,Alena,Loweth,alowethdg@time.com
486,Jaye,Saiger,jsaigerdh@goodreads.com
487,Morgan,Carne,mcarnedi@sakura.ne.jp
488,Mathew,Eykelhof,meykelhofdj@dmoz.org
489,Kimball,Tench,ktenchdk@alexa.com
490,Noll,Rable,nrabledl@nature.com
491,Clint,Dufoure,cdufouredm@booking.com
492,Augy,Yeiles,ayeilesdn@baidu.com
493,Lucio,Tobin,ltobindo@vistaprint.com
494,Risa,Eidler,reidlerdp@vinaora.com
495,Malynda,Machin,mmachindq@state.tx.us
496,Addi,Marchbank,amarchbankdr@amazonaws.com
497,Hilliary,Pillington,hpillingtonds@domainmarket.com
498,Barbara-anne,Gronaller,bgronallerdt@t-online.de
499,Nelle,Di Baudi,ndibaudidu@prweb.com
500,Vlad,Cumine,vcuminedv@linkedin.com
501,Rachele,Fransinelli,rfransinellidw@arizona.edu
502,Sarah,Barke,sbarkedx@whitehouse.gov
503,Claudio,Davidsson,cdavidssondy@vimeo.com
504,Rosemonde,Habbin,rhabbindz@digg.com
505,Tera,Surguine,tsurguinee0@latimes.com
506,Ephrayim,Gillions,egillionse1@ed.gov
507,Boycey,covino,bcovinoe2@is.gd
508,Stanfield,Deviney,sdevineye3@va.gov
509,Dolores,Spelwood,dspelwoode4@engadget.com
510,Arri,Burde,aburdee5@goodreads.com
511,Rene,Portress,rportresse6@tinypic.com
512,Etti,MacCart,emaccarte7@booking.com
513,Sari,Welton,sweltone8@rambler.ru
514,Giustina,Baish,gbaishe9@odnoklassniki.ru
515,Raine,Brisbane,rbrisbaneea@t.co
516,Constantino,Furley,cfurleyeb@paginegialle.it
517,Lammond,Yoskowitz,lyoskowitzec@newyorker.com
518,Ernesto,Mullany,emullanyed@flavors.me
519,Stephenie,D'Oyly,sdoylyee@ehow.com
520,Barny,Hardin,bhardinef@google.it
521,Gordy,Teggart,gteggarteg@woothemes.com
522,Dieter,Brambley,dbrambleyeh@jalbum.net
523,Buck,Gonnely,bgonnelyei@bloglovin.com
524,Rikki,Waggitt,rwaggittej@ezinearticles.com
525,Audrie,Hydes,ahydesek@nba.com
526,Justina,Walentynowicz,jwalentynowiczel@clickbank.net
527,Vania,Hunsworth,vhunsworthem@unesco.org
528,Anet,Long,alongen@si.edu
529,Nicola,Jellyman,njellymaneo@unblog.fr
530,Konrad,Blazewski,kblazewskiep@ustream.tv
531,Charissa,Michelet,cmicheleteq@ustream.tv
532,Selby,Malia,smaliaer@businessinsider.com
533,Kessiah,Dahill,kdahilles@bigcartel.com
534,Shani,Denyukhin,sdenyukhinet@washington.edu
535,Humbert,Fayer,hfayereu@dyndns.org
536,Clotilda,Spilisy,cspilisyev@posterous.com
537,Gracia,Ghidoli,gghidoliew@cbsnews.com
538,Livvyy,Lusty,llustyex@webeden.co.uk
539,Valeria,Luetkemeyer,vluetkemeyerey@state.gov
540,Kissie,Fleetwood,kfleetwoodez@engadget.com
541,Sigismond,Challenger,schallengerf0@godaddy.com
542,Constantina,Flipsen,cflipsenf1@cnbc.com
543,Verine,Minors,vminorsf2@squidoo.com
544,Steven,Huffer,shufferf3@theglobeandmail.com
545,Carlita,Cornbell,ccornbellf4@usda.gov
546,Sim,McIlriach,smcilriachf5@indiatimes.com
547,Slade,Legge,sleggef6@wikia.com
548,Quill,Huckstepp,qhucksteppf7@vistaprint.com
549,Jaclin,Lipmann,jlipmannf8@quantcast.com
550,Kaylyn,Dugan,kduganf9@unc.edu
551,Kalli,Trustey,ktrusteyfa@gizmodo.com
552,Truman,Statefield,tstatefieldfb@disqus.com
553,Vonnie,Luna,vlunafc@bizjournals.com
554,Jessee,Kippling,jkipplingfd@newsvine.com
555,Brigit,Bilbrook,bbilbrookfe@ftc.gov
556,Ingar,Linggard,ilinggardff@exblog.jp
557,Valene,Zanazzi,vzanazzifg@xrea.com
558,Spike,Chapelhow,schapelhowfh@sitemeter.com
559,Yehudit,Kneal,yknealfi@mozilla.com
560,Gibby,Conklin,gconklinfj@angelfire.com
561,Judas,Rault,jraultfk@nhs.uk
562,Juditha,Ropkes,jropkesfl@exblog.jp
563,Berrie,Pearl,bpearlfm@illinois.edu
564,Ari,Goodbur,agoodburfn@bloomberg.com
565,Amandi,Brodley,abrodleyfo@va.gov
566,Marilee,Campling,mcamplingfp@army.mil
567,Alyse,Cerro,acerrofq@51.la
568,Taffy,Jesper,tjesperfr@addtoany.com
569,Loutitia,Castelli,lcastellifs@usda.gov
570,Alidia,McCurtain,amccurtainft@mysql.com
571,Alard,Brugsma,abrugsmafu@bandcamp.com
572,Malvin,Genese,mgenesefv@alibaba.com
573,Rheba,Fairham,rfairhamfw@walmart.com
574,Orton,Monk,omonkfx@sbwire.com
575,Greggory,Eyton,geytonfy@bloomberg.com
576,Osmund,Couldwell,ocouldwellfz@amazon.com
577,Toby,Zorzin,tzorzing0@va.gov
578,Jodi,Measom,jmeasomg1@sakura.ne.jp
579,Ingemar,Garshore,igarshoreg2@google.ru
580,Marijo,Collomosse,mcollomosseg3@vistaprint.com
581,Gibby,Mangon,gmangong4@livejournal.com
582,Christopher,Champneys,cchampneysg5@sciencedirect.com
583,Harry,Mathely,hmathelyg6@irs.gov
584,Janith,Sollon,jsollong7@free.fr
585,Vaughan,Strognell,vstrognellg8@rediff.com
586,Claybourne,McQuilty,cmcquiltyg9@quantcast.com
587,Lewiss,Jopling,ljoplingga@webnode.com
588,Sondra,Midgely,smidgelygb@newyorker.com
589,Arlyne,Gisby,agisbygc@un.org
590,Shawn,Kleinberer,skleinberergd@cbslocal.com
591,Robina,Wrack,rwrackge@constantcontact.com
592,Lorilyn,Tester,ltestergf@sciencedirect.com
593,Conway,Banat,cbanatgg@amazonaws.com
594,Misty,Berling,mberlinggh@imgur.com
595,Clem,Trowsdale,ctrowsdalegi@51.la
596,Ravid,Boig,rboiggj@nih.gov
597,Marvin,Stuckey,mstuckeygk@flavors.me
598,Shae,Ellins,sellinsgl@vinaora.com
599,Dieter,Del Dello,ddeldellogm@spiegel.de
600,Augustus,Baskett,abaskettgn@google.co.uk
601,Olenolin,Berrington,oberringtongo@mapquest.com
602,Donica,Waplinton,dwaplintongp@who.int
603,Sanson,Thornally,sthornallygq@spiegel.de
604,Elnore,Caseley,ecaseleygr@amazon.co.jp
605,Melosa,Howles,mhowlesgs@i2i.jp
606,Elsinore,Ramage,eramagegt@time.com
607,Beniamino,Harness,bharnessgu@utexas.edu
608,Jaime,Jestico,jjesticogv@free.fr
609,Antonie,Lace,alacegw@tinypic.com
610,Tobin,Richings,trichingsgx@wired.com
611,Leland,Chick,lchickgy@npr.org
612,Sully,Buckie,sbuckiegz@vinaora.com
613,Brenn,Lovett,blovetth0@squarespace.com
614,Sherlocke,Allsopp,sallsopph1@moonfruit.com
615,Eden,Krebs,ekrebsh2@alexa.com
616,Reade,Melia,rmeliah3@ucoz.ru
617,Gayle,Tubb,gtubbh4@joomla.org
618,Margot,Sango,msangoh5@buzzfeed.com
619,Deborah,Collingwood,dcollingwoodh6@vk.com
620,Lazaro,Loachhead,lloachheadh7@zdnet.com
621,Delia,Willson,dwillsonh8@cdc.gov
622,Micheline,Borland,mborlandh9@ted.com
623,Whittaker,Cuthbertson,wcuthbertsonha@umn.edu
624,Arne,Edwinson,aedwinsonhb@live.com
625,Huey,Burrett,hburretthc@cyberchimps.com
626,Jecho,Priddis,jpriddishd@princeton.edu
627,Dody,Bockett,dbocketthe@cam.ac.uk
628,Shayna,Paulson,spaulsonhf@photobucket.com
629,Kiley,Boone,kboonehg@bloomberg.com
630,Hanson,Broader,hbroaderhh@yahoo.com
631,Ashil,Steers,asteershi@goodreads.com
632,Webster,Gliddon,wgliddonhj@vinaora.com
633,Iggy,Basketter,ibasketterhk@ameblo.jp
634,Tobie,Blanko,tblankohl@hubpages.com
635,Thayne,Confort,tconforthm@ebay.co.uk
636,Jolene,Krug,jkrughn@engadget.com
637,Howey,Vedyashkin,hvedyashkinho@yandex.ru
638,Erek,Daens,edaenshp@biblegateway.com
639,Anne,Escalera,aescalerahq@dyndns.org
640,Curt,Bullcock,cbullcockhr@clickbank.net
641,Bianka,Fissenden,bfissendenhs@yelp.com
642,Noby,Duce,nduceht@merriam-webster.com
643,Cassondra,Yukhnin,cyukhninhu@canalblog.com
644,Bryn,Castille,bcastillehv@drupal.org
645,Lani,Ridgley,lridgleyhw@unblog.fr
646,Paxton,Handscomb,phandscombhx@networksolutions.com
647,Wilmer,Dillicate,wdillicatehy@ifeng.com
648,Nikolaus,Bottomore,nbottomorehz@dailymotion.com
649,Dorise,Tackes,dtackesi0@google.com.hk
650,Denys,Fulun,dfuluni1@tumblr.com
651,Sol,Raikes,sraikesi2@shutterfly.com
652,Joelle,Nollet,jnolleti3@hatena.ne.jp
653,Agathe,Habberjam,ahabberjami4@360.cn
654,Jackelyn,Ongin,jongini5@umn.edu
655,Arabele,Moodie,amoodiei6@europa.eu
656,Alice,Towsie,atowsiei7@java.com
657,Luciana,Pyvis,lpyvisi8@networkadvertising.org
658,Gard,Reschke,greschkei9@whitehouse.gov
659,Dorry,Lionel,dlionelia@ted.com
660,Karen,Clowes,kclowesib@businessinsider.com
661,Taffy,Argent,targentic@independent.co.uk
662,Fredrick,Seleway,fselewayid@ustream.tv
663,Hastie,Crummy,hcrummyie@phoca.cz
664,Clifford,Eggerton,ceggertonif@comcast.net
665,Cull,Davidovic,cdavidovicig@xrea.com
666,Fay,Jurasz,fjuraszih@howstuffworks.com
667,Ardis,Pont,apontii@timesonline.co.uk
668,Vinnie,Austick,vaustickij@elpais.com
669,Mandie,Dwight,mdwightik@stanford.edu
670,Artie,Shory,ashoryil@myspace.com
671,Towny,Drinkhill,tdrinkhillim@pagesperso-orange.fr
672,Shaina,Torry,storryin@linkedin.com
673,Serene,Dibdin,sdibdinio@so-net.ne.jp
674,Hendrik,Basilio,hbasilioip@shutterfly.com
675,Geraldine,Morter,gmorteriq@1688.com
676,Zena,Rickards,zrickardsir@nymag.com
677,Ellen,Kornes,ekornesis@xrea.com
678,Rawley,Dyzart,rdyzartit@arstechnica.com
679,Rozelle,Ellerker,rellerkeriu@spotify.com
680,Fifi,Stempe,fstempeiv@ed.gov
681,Elroy,Feldhuhn,efeldhuhniw@fda.gov
682,Klarika,Nasey,knaseyix@technorati.com
683,Thane,Stockin,tstockiniy@tumblr.com
684,Neala,Nutbeam,nnutbeamiz@bravesites.com
685,Martelle,O'Currine,mocurrinej0@prweb.com
686,Elisha,Bradwell,ebradwellj1@skyrock.com
687,Danielle,Yewdale,dyewdalej2@lulu.com
688,Moe,Treanor,mtreanorj3@51.la
689,Verney,McBrearty,vmcbreartyj4@hud.gov
690,Ina,Oxborrow,ioxborrowj5@sbwire.com
691,Bettine,Tipler,btiplerj6@slashdot.org
692,Fredi,Vlasyuk,fvlasyukj7@cornell.edu
693,Alberik,Michelle,amichellej8@amazon.co.jp
694,Robbi,Muller,rmullerj9@ocn.ne.jp
695,Caterina,Bellingham,cbellinghamja@comsenz.com
696,Ernaline,Ksandra,eksandrajb@ihg.com
697,Aliza,Nuttall,anuttalljc@163.com
698,Conroy,Ashdown,cashdownjd@edublogs.org
699,Malissia,Brasted,mbrastedje@etsy.com
700,Lizzie,Buncombe,lbuncombejf@sina.com.cn
701,Mozes,Grouvel,mgrouveljg@ihg.com
702,Rhea,Strange,rstrangejh@dmoz.org
703,Natalee,Goldes,ngoldesji@wikipedia.org
704,Sophi,Jeannenet,sjeannenetjj@sitemeter.com
705,Maribeth,Marfell,mmarfelljk@ning.com
706,Talbot,Guido,tguidojl@icio.us
707,Corie,Denver,cdenverjm@dyndns.org
708,Tommi,Dewar,tdewarjn@nsw.gov.au
709,Cordie,Yashnov,cyashnovjo@g.co
710,Gilbertina,Lynthal,glynthaljp@tamu.edu
711,Daphene,Oxton,doxtonjq@de.vu
712,Dorris,Leile,dleilejr@miitbeian.gov.cn
713,Felipa,Ovendale,fovendalejs@twitpic.com
714,Ottilie,Hebblethwaite,ohebblethwaitejt@51.la
715,Katheryn,Forrester,kforresterju@typepad.com
716,Zorine,Lockitt,zlockittjv@cpanel.net
717,Thom,Smorthit,tsmorthitjw@squidoo.com
718,Orsola,Valois,ovaloisjx@studiopress.com
719,Myles,Roiz,mroizjy@behance.net
720,Dyane,Naton,dnatonjz@businesswire.com
721,Brianna,Herculeson,bherculesonk0@trellian.com
722,James,Dinneen,jdinneenk1@wp.com
723,Langston,Turpey,lturpeyk2@biglobe.ne.jp
724,Reed,Cater,rcaterk3@ft.com
725,Lorita,Wadesworth,lwadesworthk4@google.ru
726,Mitzi,Grane,mgranek5@marriott.com
727,Mitzi,Culleford,mcullefordk6@tuttocitta.it
728,Rafaelia,Haughton,rhaughtonk7@cam.ac.uk
729,Jacquetta,Foss,jfossk8@ucsd.edu
730,Gwenneth,Govan,ggovank9@a8.net
731,Westbrook,Whaley,wwhaleyka@sciencedaily.com
732,Melony,Magog,mmagogkb@macromedia.com
733,Tedda,Quest,tquestkc@theglobeandmail.com
734,Lowe,Tolliday,ltollidaykd@nba.com
735,Nickie,Conaboy,nconaboyke@narod.ru
736,Amory,Sexstone,asexstonekf@surveymonkey.com
737,Birch,Woolvett,bwoolvettkg@discuz.net
738,Urbanus,Delnevo,udelnevokh@zimbio.com
739,Marco,Grouvel,mgrouvelki@example.com
740,Sully,Crossingham,scrossinghamkj@wunderground.com
741,Bogey,Fabler,bfablerkk@parallels.com
742,Monika,Lightbourne,mlightbournekl@feedburner.com
743,Lilian,Burchfield,lburchfieldkm@dailymotion.com
744,Cinnamon,Smolan,csmolankn@zdnet.com
745,Lorri,Karus,lkarusko@dmoz.org
746,Yolanda,Rockall,yrockallkp@barnesandnoble.com
747,Humfrey,Groome,hgroomekq@dailymotion.com
748,Francyne,Josephs,fjosephskr@bizjournals.com
749,Toddy,Organ,torganks@ning.com
750,Guinna,Lutton,gluttonkt@sphinn.com
751,Helene,O'Skehan,hoskehanku@wiley.com
752,Karen,Bum,kbumkv@japanpost.jp
753,Kerr,Oliveto,kolivetokw@facebook.com
754,Berri,Dorrian,bdorriankx@msu.edu
755,Kamila,Uglow,kuglowky@usatoday.com
756,Engracia,Rizzello,erizzellokz@bbc.co.uk
757,Abner,Perone,aperonel0@senate.gov
758,Bentlee,Dimbylow,bdimbylowl1@google.co.uk
759,Goldie,Bladder,gbladderl2@comsenz.com
760,Elbert,Thewless,ethewlessl3@wiley.com
761,Essy,Bridger,ebridgerl4@wikia.com
762,Cindelyn,Larimer,clarimerl5@businesswire.com
763,Thurstan,Dawnay,tdawnayl6@free.fr
764,Lurleen,Sperwell,lsperwelll7@sphinn.com
765,Stirling,Parkman,sparkmanl8@timesonline.co.uk
766,Jessalyn,Heugh,jheughl9@skyrock.com
767,Xymenes,Ensten,xenstenla@boston.com
768,Ashli,Massy,amassylb@oracle.com
769,Wilbert,Farnham,wfarnhamlc@phoca.cz
770,Loree,Bratch,lbratchld@sun.com
771,Lisetta,Walton,lwaltonle@barnesandnoble.com
772,Arabela,Gonthier,agonthierlf@ed.gov
773,Rosamond,Rayworth,rrayworthlg@google.it
774,Pearla,MacInherney,pmacinherneylh@icio.us
775,Salomi,Jays,sjaysli@google.es
776,Hagan,Rosebotham,hrosebothamlj@51.la
777,Tomasine,Gilbeart,tgilbeartlk@state.gov
778,Sheeree,Ivashintsov,sivashintsovll@ucla.edu
779,Horace,Keen,hkeenlm@sakura.ne.jp
780,Ashley,McGunley,amcgunleyln@pcworld.com
781,Gordie,Kasman,gkasmanlo@sourceforge.net
782,Eve,Annies,eannieslp@berkeley.edu
783,Lil,O' Finan,lofinanlq@qq.com
784,Mildrid,Rozycki,mrozyckilr@google.cn
785,Joan,Toffoletto,jtoffolettols@virginia.edu
786,Ram,Scholig,rscholiglt@geocities.com
787,Beatriz,Greening,bgreeninglu@theguardian.com
788,Adrienne,Couronne,acouronnelv@mayoclinic.com
789,Dennet,Kelemen,dkelemenlw@sciencedaily.com
790,Natala,Lewson,nlewsonlx@github.com
791,Emylee,Haslam,ehaslamly@sohu.com
792,Ulrich,Peche,upechelz@g.co
793,Hi,Janic,hjanicm0@wikimedia.org
794,Carmon,Haster,chasterm1@irs.gov
795,Cyrillus,Kirkpatrick,ckirkpatrickm2@wp.com
796,Dina,Kirley,dkirleym3@sciencedirect.com
797,Bernice,Duffill,bduffillm4@chron.com
798,Netta,Shorto,nshortom5@altervista.org
799,Gery,Prodrick,gprodrickm6@cdbaby.com
800,Hatti,Perigoe,hperigoem7@cbslocal.com
801,Urbanus,Woolcocks,uwoolcocksm8@php.net
802,Alecia,Airth,aairthm9@t-online.de
803,Dagny,Redwin,dredwinma@globo.com
804,Fleur,Yardy,fyardymb@theguardian.com
805,Hamnet,Jacobssen,hjacobssenmc@patch.com
806,Sax,Moulds,smouldsmd@istockphoto.com
807,Tish,Blackmoor,tblackmoorme@xing.com
808,Ruthi,Fawlks,rfawlksmf@sakura.ne.jp
809,Herve,Buffey,hbuffeymg@prnewswire.com
810,Rodolph,Andreia,randreiamh@springer.com
811,Miriam,Fradson,mfradsonmi@zimbio.com
812,Kippar,Plampeyn,kplampeynmj@ox.ac.uk
813,Norby,Brumhead,nbrumheadmk@pagesperso-orange.fr
814,Helen-elizabeth,Cuthbert,hcuthbertml@accuweather.com
815,Kylen,Nelthorpe,knelthorpemm@biblegateway.com
816,Moyna,Kelcher,mkelchermn@eepurl.com
817,Amil,Tant,atantmo@paginegialle.it
818,Karole,Crevy,kcrevymp@webeden.co.uk
819,Allistir,Seedull,aseedullmq@gizmodo.com
820,Marj,Bernardes,mbernardesmr@seesaa.net
821,Janie,Baraja,jbarajams@china.com.cn
822,Fanya,Dun,fdunmt@whitehouse.gov
823,Phillipp,Brosius,pbrosiusmu@mayoclinic.com
824,Goldina,Elis,gelismv@amazon.co.jp
825,Shermy,Greendale,sgreendalemw@arizona.edu
826,Thomasina,Benford,tbenfordmx@nba.com
827,Bobbe,Pilgram,bpilgrammy@booking.com
828,Julio,Wilcher,jwilchermz@t-online.de
829,Rosemary,Dickie,rdickien0@lulu.com
830,Vania,Yglesia,vyglesian1@imgur.com
831,Gayel,Whitwell,gwhitwelln2@msn.com
832,Lewie,Layson,llaysonn3@studiopress.com
833,Agosto,Roake,aroaken4@youku.com
834,Gibbie,Steketee,gsteketeen5@jigsy.com
835,Conchita,Starrs,cstarrsn6@msu.edu
836,Leonidas,Thomke,lthomken7@themeforest.net
837,Audrye,Accombe,aaccomben8@mayoclinic.com
838,Alister,Sjostrom,asjostromn9@walmart.com
839,Margaret,Meredyth,mmeredythna@sciencedaily.com
840,Halsey,Woodington,hwoodingtonnb@tinyurl.com
841,Toby,Bysouth,tbysouthnc@usnews.com
842,Parnell,Fowkes,pfowkesnd@imgur.com
843,Annaliese,Figliovanni,afigliovannine@yolasite.com
844,Annmaria,Takis,atakisnf@istockphoto.com
845,Harp,Durand,hdurandng@reuters.com
846,Bobbie,Hague,bhaguenh@qq.com
847,Luce,Donizeau,ldonizeauni@symantec.com
848,Farrand,Wrathmall,fwrathmallnj@google.es
849,Lucien,Barajaz,lbarajaznk@paypal.com
850,Jo-anne,Meeus,jmeeusnl@moonfruit.com
851,Eveleen,Charlesworth,echarlesworthnm@wired.com
852,Tito,Hucke,thuckenn@woothemes.com
853,Bamby,Devo,bdevono@scientificamerican.com
854,Ddene,Canner,dcannernp@hatena.ne.jp
855,Amerigo,Witt,awittnq@mashable.com
856,Susanetta,Houldin,shouldinnr@forbes.com
857,Leona,Shillabear,lshillabearns@jimdo.com
858,Dex,Scown,dscownnt@elpais.com
859,Nickey,MacCole,nmaccolenu@telegraph.co.uk
860,Meris,Scannell,mscannellnv@bloomberg.com
861,Drew,Brekonridge,dbrekonridgenw@hexun.com
862,Saudra,Wiggam,swiggamnx@merriam-webster.com
863,Kassey,Emanuelli,kemanuelliny@disqus.com
864,Tripp,Caudelier,tcaudeliernz@hostgator.com
865,Bunni,Cicculini,bcicculinio0@paginegialle.it
866,Alma,Simms,asimmso1@github.io
867,Julius,Ronchka,jronchkao2@mozilla.org
868,Sloane,Brabham,sbrabhamo3@tmall.com
869,Karola,Linnemann,klinnemanno4@xrea.com
870,Elsinore,Kordovani,ekordovanio5@psu.edu
871,Karlotta,Vickors,kvickorso6@ox.ac.uk
872,Hephzibah,Poyser,hpoysero7@sogou.com
873,Marlo,Joinson,mjoinsono8@sciencedaily.com
874,Darrin,Cyples,dcypleso9@pbs.org
875,Tore,Borley,tborleyoa@msu.edu
876,Westleigh,Wingham,wwinghamob@live.com
877,Lemmie,Varndell,lvarndelloc@china.com.cn
878,Lorena,Kedward,lkedwardod@msn.com
879,Justen,Klehyn,jklehynoe@fda.gov
880,Rossie,Gronous,rgronousof@goodreads.com
881,Ezekiel,Balf,ebalfog@bloglovin.com
882,Rubie,Dodamead,rdodameadoh@zimbio.com
883,Graeme,Besson,gbessonoi@github.io
884,Celka,Colgan,ccolganoj@arizona.edu
885,Yancy,Pauly,ypaulyok@who.int
886,Roxane,Cuniam,rcuniamol@narod.ru
887,Quinn,Shilburne,qshilburneom@sciencedirect.com
888,Latia,Corro,lcorroon@mashable.com
889,Antonino,Kingsnode,akingsnodeoo@state.gov
890,Adriena,Lumm,alummop@archive.org
891,Arabelle,Aidler,aaidleroq@xrea.com
892,Mikel,Bankhurst,mbankhurstor@google.pl
893,La verne,Garcia,lgarciaos@php.net
894,Teresina,Hinkins,thinkinsot@ucla.edu
895,Torrin,Orteau,torteauou@washington.edu
896,Yolanthe,Klemenz,yklemenzov@tmall.com
897,Francyne,Densun,fdensunow@stumbleupon.com
898,Laina,Strelitz,lstrelitzox@google.fr
899,Gamaliel,Gudd,gguddoy@blog.com
900,Inger,Flaherty,iflahertyoz@geocities.com
901,Corey,MacFayden,cmacfaydenp0@aboutads.info
902,Clara,Meriet,cmerietp1@zimbio.com
903,Caleb,Crosher,ccrosherp2@twitter.com
904,Bronnie,Maryin,bmaryinp3@feedburner.com
905,Rene,Sales,rsalesp4@quantcast.com
906,Felice,Bartrum,fbartrump5@github.io
907,Lana,Priden,lpridenp6@google.com.br
908,Peirce,Marryatt,pmarryattp7@bravesites.com
909,Tonya,Batcock,tbatcockp8@exblog.jp
910,Pattie,Garham,pgarhamp9@reference.com
911,Mame,Scoffham,mscoffhampa@admin.ch
912,Engracia,Donhardt,edonhardtpb@wix.com
913,Emmeline,Gurton,egurtonpc@hud.gov
914,Beckie,Oswal,boswalpd@php.net
915,Zaria,Bearsmore,zbearsmorepe@tamu.edu
916,Betsey,Propper,bpropperpf@cocolog-nifty.com
917,Justinian,Hazeldean,jhazeldeanpg@spiegel.de
918,Alex,Schafer,aschaferph@cmu.edu
919,Laney,Harpin,lharpinpi@guardian.co.uk
920,Jase,De Antoni,jdeantonipj@nytimes.com
921,Jerald,McGuiney,jmcguineypk@ovh.net
922,Nickolaus,de Merida,ndemeridapl@bing.com
923,Graig,Yanson,gyansonpm@zdnet.com
924,Stern,Zanetti,szanettipn@blogs.com
925,Olwen,Telezhkin,otelezhkinpo@themeforest.net
926,Dallas,Beere,dbeerepp@edublogs.org
927,Elsbeth,Peer,epeerpq@joomla.org
928,Diana,Gwinnett,dgwinnettpr@desdev.cn
929,Ailina,Waterstone,awaterstoneps@nifty.com
930,Demetris,Sergant,dsergantpt@privacy.gov.au
931,Will,Crosier,wcrosierpu@slideshare.net
932,Monty,Freshwater,mfreshwaterpv@unicef.org
933,Marybelle,Bende,mbendepw@ameblo.jp
934,Claudia,Arendt,carendtpx@freewebs.com
935,Fidelia,Elphinston,felphinstonpy@4shared.com
936,Bondon,Yanyushkin,byanyushkinpz@techcrunch.com
937,Nels,Giorgetti,ngiorgettiq0@forbes.com
938,Giles,Manjot,gmanjotq1@mozilla.com
939,Thorvald,Hadwick,thadwickq2@microsoft.com
940,Iain,Vales,ivalesq3@cnet.com
941,Kelly,Geyton,kgeytonq4@state.tx.us
942,Lainey,Restill,lrestillq5@japanpost.jp
943,Ethyl,Groveham,egrovehamq6@yandex.ru
944,Dionne,Goldston,dgoldstonq7@weebly.com
945,Anselma,Clewley,aclewleyq8@a8.net
946,Neile,Cuthill,ncuthillq9@cdc.gov
947,Taffy,Alpine,talpineqa@wired.com
948,Lois,Burg,lburgqb@ning.com
949,Corney,Redihough,credihoughqc@github.com
950,Cynthia,Morison,cmorisonqd@usda.gov
951,Noni,Stracey,nstraceyqe@tuttocitta.it
952,Mayer,Bowdon,mbowdonqf@tripadvisor.com
953,Rabi,Kibbe,rkibbeqg@e-recht24.de
954,Salvidor,Giamelli,sgiamelliqh@ucla.edu
955,Ezri,Lillico,elillicoqi@squarespace.com
956,Paddy,Glason,pglasonqj@google.com.au
957,Blithe,MacCaghan,bmaccaghanqk@gnu.org
958,Aldus,Ackery,aackeryql@about.me
959,Deena,Kentish,dkentishqm@php.net
960,Beatrice,Berndt,bberndtqn@lycos.com
961,Minor,Dufoure,mdufoureqo@twitpic.com
962,Niccolo,Garling,ngarlingqp@mail.ru
963,Danyette,Innocent,dinnocentqq@businessinsider.com
964,Cart,Veregan,cvereganqr@tripod.com
965,Natalina,Menego,nmenegoqs@scientificamerican.com
966,Jocelin,Barnwill,jbarnwillqt@liveinternet.ru
967,Megan,Waterstone,mwaterstonequ@npr.org
968,Jo,Stearns,jstearnsqv@deliciousdays.com
969,Donella,Edbrooke,dedbrookeqw@odnoklassniki.ru
970,Web,Bushby,wbushbyqx@w3.org
971,Myrle,Albert,malbertqy@cisco.com
972,Evelyn,Morville,emorvilleqz@irs.gov
973,Moise,Laister,mlaisterr0@example.com
974,Mignonne,Tarrier,mtarrierr1@constantcontact.com
975,Sianna,Wiggett,swiggettr2@hud.gov
976,Ginny,Lenahan,glenahanr3@fotki.com
977,Leese,Berecloth,lbereclothr4@skyrock.com
978,Osborn,O'Shesnan,ooshesnanr5@surveymonkey.com
979,Kamilah,Kitson,kkitsonr6@prweb.com
980,Konrad,Praundl,kpraundlr7@squidoo.com
981,Dallis,Duffield,dduffieldr8@usa.gov
982,Fraser,Linning,flinningr9@linkedin.com
983,Abey,Fishbourn,afishbournra@last.fm
984,Myrah,Jennaroy,mjennaroyrb@shop-pro.jp
985,Christy,Filasov,cfilasovrc@shinystat.com
986,Bartholemy,Pulford,bpulfordrd@cdc.gov
987,Jermain,Cunnane,jcunnanere@constantcontact.com
988,Clair,Lightewood,clightewoodrf@rambler.ru
989,Carey,Mauser,cmauserrg@istockphoto.com
990,Corinna,Greenrde,cgreenrderh@i2i.jp
991,Consolata,Wibrow,cwibrowri@hubpages.com
992,Francisca,Abden,fabdenrj@de.vu
993,Tammy,Acomb,tacombrk@irs.gov
994,Brinn,Deare,bdearerl@dion.ne.jp
995,Nat,Antonescu,nantonescurm@hexun.com
996,Fanchon,Heatherington,fheatheringtonrn@gmpg.org
997,Tony,Mowbray,tmowbrayro@hubpages.com
998,Stefan,Inkles,sinklesrp@printfriendly.com
999,Ursuline,Blizard,ublizardrq@cyberchimps.com
1000,Cassandry,Klageman,cklagemanrr@newyorker.com
